Source,Target,network,Type
paul,store,2,Undirected
paul,harri,2,Undirected
chair,ceo/presid,2,Undirected
honorari,chair,2,Undirected
g,honorari,2,Undirected
charlott,g,2,Undirected
high,return,2,Undirected
yield,return,2,Undirected
first,step,2,Undirected
camp,properti,2,Undirected
progress,math,2,Undirected
life,woman,2,Undirected
step,becom,2,Undirected
give,yield,2,Undirected
give,campaign,2,Undirected
give,return,2,Undirected
1996,ceo/presid,2,Undirected
central,indiana,2,Undirected
veri,support,2,Undirected
$2,million,2,Undirected
$2,campaign,2,Undirected
make,yield,2,Undirected
make,life,2,Undirected
make,differ,2,Undirected
make,step,2,Undirected
make,give,2,Undirected
make,commit,2,Undirected
make,construct,2,Undirected
make,develop,2,Undirected
make,becom,2,Undirected
make,return,2,Undirected
operat,fund,2,Undirected
ceo/presid,paul,2,Undirected
$65,000,2,Undirected
annual,ceo/presid,2,Undirected
annual,appeal,2,Undirected
commit,give,2,Undirected
commit,sincer,2,Undirected
three,properti,2,Undirected
three,construct,2,Undirected
goal,$65,2,Undirected
goal,annual,2,Undirected
goal,appeal,2,Undirected
new,young,2,Undirected
juvenil,justic,2,Undirected
juvenil,center,2,Undirected
center,properti,2,Undirected
center,new,2,Undirected
center,construct,2,Undirected
center,hear,2,Undirected
school,center,2,Undirected
area,center,2,Undirected
area,school,2,Undirected
area,construct,2,Undirected
serv,area,2,Undirected
construct,properti,2,Undirected
develop,progress,2,Undirected
develop,math,2,Undirected
develop,becom,2,Undirected
materi,equip,2,Undirected
risk,serv,2,Undirected
risk,hard,2,Undirected
addit,contact,2,Undirected
addit,appeal,2,Undirected
addit,help,2,Undirected
resourc,librari,2,Undirected
resourc,help,2,Undirected
resourc,support,2,Undirected
parent,volunt,2,Undirected
leader,initi,2,Undirected
train,school,2,Undirected
train,develop,2,Undirected
train,resourc,2,Undirected
train,help,2,Undirected
financi,need,2,Undirected
membership,cost,2,Undirected
math,scienc,2,Undirected
activ,central,2,Undirected
activ,materi,2,Undirected
activ,initi,2,Undirected
subsid,support,2,Undirected
cover,contact,2,Undirected
cover,initi,2,Undirected
cover,program,2,Undirected
use,subsid,2,Undirected
use,cover,2,Undirected
use,provid,2,Undirected
contribut,give,2,Undirected
contribut,use,2,Undirected
appeal,operat,2,Undirected
appeal,ceo/presid,2,Undirected
appeal,one,2,Undirected
assur,make,2,Undirected
assur,commit,2,Undirected
assur,cover,2,Undirected
assur,sure,2,Undirected
sound,step,2,Undirected
million,campaign,2,Undirected
consid,make,2,Undirected
consid,contact,2,Undirected
consid,support,2,Undirected
corpor,materi,2,Undirected
capit,center,2,Undirected
capit,develop,2,Undirected
capit,consid,2,Undirected
capit,campaign,2,Undirected
capit,provid,2,Undirected
donat,give,2,Undirected
donat,contribut,2,Undirected
donat,million,2,Undirected
donat,consid,2,Undirected
donat,corpor,2,Undirected
donat,opportun,2,Undirected
hoosier,council,2,Undirected
hoosier,capit,2,Undirected
sharehold,becom,2,Undirected
initi,first,2,Undirected
initi,make,2,Undirected
one,hear,2,Undirected
experi,life,2,Undirected
experi,vision,2,Undirected
help,serv,2,Undirected
help,construct,2,Undirected
help,develop,2,Undirected
help,materi,2,Undirected
help,risk,2,Undirected
help,librari,2,Undirected
help,activ,2,Undirected
help,fund,2,Undirected
help,support,2,Undirected
need,life,2,Undirected
cost,need,2,Undirected
scout,donat,2,Undirected
scout,hoosier,2,Undirected
scout,sharehold,2,Undirected
girl,woman,2,Undirected
girl,vision,2,Undirected
girl,becom,2,Undirected
girl,initi,2,Undirected
girl,two,2,Undirected
girl,one,2,Undirected
girl,experi,2,Undirected
girl,help,2,Undirected
girl,need,2,Undirected
girl,cost,2,Undirected
girl,scout,2,Undirected
girl,program,2,Undirected
girl,support,2,Undirected
dear,name,2,Undirected
enclosur,bubba,1,Undirected
your,enclosur,1,Undirected
sincer,charlott,2,Undirected
sincer,your,1,Undirected
hear,1996,2,Undirected
hear,about,2,Undirected
look,hear,1,Undirected
forward,look,1,Undirected
hope,furthermuch,1,Undirected
hope,join,1,Undirected
hope,agre,1,Undirected
envelop,enclosur,1,Undirected
pledg,card,1,Undirected
much,detail,1,Undirected
return,hope,1,Undirected
return,envelop,1,Undirected
enclos,enclosur,1,Undirected
enclos,envelop,1,Undirected
brochur,enclos,1,Undirected
brochur,explain,1,Undirected
young,woman,2,Undirected
young,adult,1,Undirected
kid,connect,1,Undirected
connect,involv,1,Undirected
connect,join,1,Undirected
certain,extent,1,Undirected
82,year,1,Undirected
year,commit,2,Undirected
year,three,2,Undirected
year,goal,2,Undirected
professionally-produc,play,1,Undirected
play,music,1,Undirected
audienc,hear,1,Undirected
audienc,opportun,1,Undirected
otherwis,exposur,1,Undirected
opportun,assur,2,Undirected
opportun,sound,2,Undirected
opportun,hear,both,Undirected
opportun,invest,2,Undirected
educ,opportun,1,Undirected
educ,outlet,1,Undirected
arena,talent,1,Undirected
music,year,1,Undirected
cultur,heritag,1,Undirected
cultur,splendor,1,Undirected
provid,yield,2,Undirected
provid,equip,2,Undirected
provid,step,2,Undirected
provid,give,2,Undirected
provid,serv,2,Undirected
provid,parent,2,Undirected
provid,leader,2,Undirected
provid,train,2,Undirected
provid,help,2,Undirected
provid,connect,1,Undirected
provid,summer,1,Undirected
provid,arena,1,Undirected
provid,music,1,Undirected
provid,outlet,1,Undirected
provid,child,1,Undirected
provid,entertain,1,Undirected
provid,fund,2,Undirected
provid,support,2,Undirected
explain,return,1,Undirected
explain,detail,1,Undirected
explain,state,1,Undirected
enhanc,provid,1,Undirected
enhanc,splendor,1,Undirected
impact,immeasur,1,Undirected
adult,woman,2,Undirected
adult,progress,2,Undirected
adult,volunt,2,Undirected
adult,summer,1,Undirected
unequ,opportun,1,Undirected
child,kid,1,Undirected
child,involv,1,Undirected
child,otherwis,1,Undirected
child,indiana,1,Undirected
child,unequ,1,Undirected
ralli,kid,1,Undirected
ralli,communiti,1,Undirected
ralli,support,1,Undirected
ralli,effort,1,Undirected
invest,equip,2,Undirected
invest,commit,2,Undirected
invest,cover,2,Undirected
invest,appeal,2,Undirected
invest,fund,2,Undirected
invest,sure,2,Undirected
invest,heritag,1,Undirected
agre,look,1,Undirected
program,new,2,Undirected
program,scienc,2,Undirected
program,math,2,Undirected
program,activ,2,Undirected
program,cost,2,Undirected
program,impact,1,Undirected
program,adult,1,Undirected
program,unequ,1,Undirected
program,youth-ori,1,Undirected
program,child,1,Undirected
program,ralli,1,Undirected
program,junior,1,Undirected
program,level,1,Undirected
program,perform,1,Undirected
continu,connect,1,Undirected
continu,invest,1,Undirected
continu,agre,1,Undirected
continu,program,1,Undirected
how,afford,1,Undirected
junior,connect,1,Undirected
entertain,extent,1,Undirected
entertain,play,1,Undirected
entertain,audienc,1,Undirected
entertain,perform,1,Undirected
civic,junior,1,Undirected
indianapoli,entertain,1,Undirected
indianapoli,civic,1,Undirected
indianapoli,theatr,1,Undirected
indianapoli,effort,1,Undirected
bubba,tarkington,1,Undirected
truste,bubba,1,Undirected
truste,theatr,1,Undirected
board,provid,1,Undirected
board,card,1,Undirected
board,truste,1,Undirected
member,pledg,1,Undirected
member,board,1,Undirected
member,believ,1,Undirected
fund,store,2,Undirected
fund,commit,2,Undirected
fund,campaign,2,Undirected
fund,provid,1,Undirected
fund,invest,1,Undirected
fund,support,1,Undirected
afford,provid,1,Undirected
afford,continu,1,Undirected
believ,support,1,Undirected
futur,fund,1,Undirected
regard,look,1,Undirected
regard,detail,1,Undirected
regard,involv,1,Undirected
regard,believ,1,Undirected
level,extent,1,Undirected
level,excel,1,Undirected
level,state,1,Undirected
current,level,1,Undirected
current,face,1,Undirected
support,step,2,Undirected
support,give,2,Undirected
support,activ,2,Undirected
support,provid,1,Undirected
support,mission,1,Undirected
support,join,1,Undirected
support,invest,1,Undirected
support,agre,1,Undirected
support,fund,2,Undirected
support,effort,1,Undirected
effort,card,1,Undirected
effort,worthi,1,Undirected
effort,explain,1,Undirected
effort,enhanc,1,Undirected
art,perform,1,Undirected
art,exposur,1,Undirected
art,support,1,Undirected
mani,effort,1,Undirected
uncertainti,organ,1,Undirected
organ,mission,1,Undirected
organ,join,1,Undirected
organ,art,1,Undirected
organ,mani,1,Undirected
face,look,1,Undirected
face,afford,1,Undirected
face,dilemma,1,Undirected
face,believ,1,Undirected
face,futur,1,Undirected
face,regard,1,Undirected
awar,organ,1,Undirected
zip,st,1,Undirected
sure,yield,2,Undirected
sure,certain,1,Undirected
sure,face,1,Undirected
sure,awar,1,Undirected
talent,except,1,Undirected
septemb,sure,1,Undirected
name,make,2,Undirected
name,appeal,2,Undirected
citi,state,1,Undirected
citi,heritag,1,Undirected
citi,talent,1,Undirected
citi,splendor,1,Undirected
citi,septemb,1,Undirected
citi,address,1,Undirected
citi,name,1,Undirected
citi,1995,1,Undirected
1,citi,1,Undirected
